time,x,y,z
1682085620777895640,-8.882940494112262,-27.760260696167524,0.1019178958842085
1682085621283447702,-8.875026583392241,-27.758925359987288,0.10185495963766965
1682085621777645720,-8.880137233225051,-27.752629678200382,0.1031436067500804
1682085622278474829,-8.877183251107153,-27.747690067309865,0.1084620594573887
1682085622777820229,-8.864865933893087,-27.75102239366627,0.11990790567453916
1682085623277905496,-8.860726785377024,-27.74089447727063,0.12573352539531416
1682085623777826217,-8.903204694329343,-27.709207228423924,0.18808499096300105
1682085624278543433,-8.971912899230357,-27.694214430624378,0.30191456610339296
1682085624777672445,-8.97626506401373,-27.68416235028745,0.4921135901135695
1682085625277773157,-8.985600599072626,-27.687978826974916,0.7112480126540928
1682085625777653400,-8.971620351932973,-27.75196674157166,1.0420719655954231
1682085626277890988,-8.980551228919543,-27.7447998809204,1.4290481000782023
1682085626778936886,-9.030943946962356,-27.741223810056795,1.8301834236648429
1682085627277665655,-9.046534452411363,-27.771080650782498,2.130422220566138
1682085627777769413,-8.983646294464393,-27.76863543982742,2.388801515944678
1682085628278938021,-8.978787313186642,-27.717706550700793,2.547736267661726
1682085628777931491,-9.010618285480168,-27.699257306080376,2.6330422860497067
1682085629277767443,-9.006356409206823,-27.73706840409615,2.6516780982655717
1682085629778986354,-8.997372374748597,-27.781229074840397,2.652094439646984
1682085630277686751,-8.98620508962081,-27.771412270184882,2.652201868821381
1682085630779697426,-8.99355871167975,-27.764774722082308,2.6457078086806622
1682085631280142489,-9.002270632953808,-27.744790075086094,2.629378701215083
1682085631781137466,-9.069680413621086,-27.681406586404645,2.6980179721134485
1682085632279558031,-9.145856610482587,-27.608010216166463,2.9859404232630515
1682085632779138913,-9.344050379211597,-27.683371312158634,3.3495744973302743
1682085633278391389,-9.584681407961057,-27.507979124746626,3.6747885695848366
1682085633778399769,-9.640133724407796,-27.208148503281656,3.880195511416268
1682085634279511263,-9.769906713168222,-26.945809939192152,3.947471507870619
1682085634777719234,-9.815373389512763,-26.652788472607057,3.9557863414959176
1682085635279592620,-9.598997928371919,-26.350849391575036,4.007578898408634
1682085635778028978,-9.478495366022464,-26.122104115889144,4.017920138941882
1682085636278934627,-9.325065639200469,-25.935229534810716,4.019422430304202
1682085636778450342,-9.085147687584794,-25.747393311470272,4.019257256840431
1682085637279434466,-8.874066357329118,-25.59020148062141,4.029075078908363
1682085637778081468,-8.720447182255471,-25.37053164640357,4.013200499517092
1682085638277843972,-8.614642523939406,-25.208643959932807,4.034341768378007
1682085638777778068,-8.520252596653226,-25.213767110003733,3.9895124939537743
1682085639279229311,-8.382578429385179,-25.17391250264234,4.0124249707487065
1682085639777706051,-8.307818634500602,-25.096466568630564,4.013498462149059
1682085640277814244,-8.262934724682516,-25.076325247473093,4.005755785610272
1682085640777762504,-8.216120701027124,-25.030528570223,3.984392619027155
1682085641277911544,-8.138825263457846,-25.077131776776625,3.9547507910697504
1682085641777766452,-8.107766913627389,-25.12445956522201,3.9698971026818524
1682085642277845807,-8.153630550172279,-25.10330811513522,3.986668853025189
1682085642777716322,-8.158173878027599,-25.15898329996859,3.9826992283787344
1682085643277801038,-8.079363506320947,-25.218573565166515,3.9649024360750564
1682085643778876074,-8.02117366042228,-25.274934498002217,3.972235407954496
1682085644277697568,-8.0375663238025,-25.296479633820308,3.972128809348864
1682085644777733512,-8.038911407012064,-25.30632987923994,3.9735963448290166
1682085645277888674,-8.015878496375873,-25.332850778086275,3.9776576275039974
1682085645777829258,-8.025008420793982,-25.365920981872698,3.9837056088984824
1682085646278074347,-8.013994004157519,-25.385271634205367,3.992893567471176
1682085646779335003,-8.003228623301455,-25.384280438742238,3.9866700505061683
1682085647279406329,-8.030722225593921,-25.37414476873473,4.006625631381106
1682085647777672031,-8.032557558608502,-25.358371425967803,4.008093260456627
1682085648277756952,-8.02295764565007,-25.284076029768777,4.007690484670639
1682085648777764186,-7.983936844134729,-25.16472699515421,4.008332482687214
1682085649277664275,-7.968266434418533,-25.12705581201378,4.014024513998371
1682085649779026251,-7.96229828827007,-25.166123416081387,4.007028754667837
1682085650278190545,-7.962738608558014,-25.18843263434315,4.014016889901836
1682085650777680804,-7.9442334033203625,-25.230886954340395,4.01672763254895
1682085651277714049,-7.90337499080032,-25.240844444837933,4.022206619205401
1682085651777821261,-7.870315957371694,-25.258802493274246,4.010560920108034
1682085652277741829,-7.873484585309714,-25.261046274424135,4.003648645606137
1682085652777794433,-7.878678041594763,-25.26953559895345,4.004401554874523
1682085653278607144,-7.875127417251227,-25.264459194716206,4.012982236490117
1682085653777819378,-7.899829214239246,-25.159001727209468,4.005147954902127
1682085654277878328,-7.906298267962123,-25.110636352629136,3.999849010975017
1682085654778317616,-7.884689728245691,-25.00722293635069,3.997784157440688
1682085655277898661,-7.855492196887661,-24.94242684702566,3.9982932595446945
1682085655778124972,-7.837439521184961,-24.877751622281853,3.9979395394341872
1682085656277708438,-7.842073121889159,-24.95619899761852,3.996548541661251
1682085656779315501,-7.820198389510479,-24.94667259916394,4.000855907127499
1682085657277759814,-7.795200845845607,-24.95849870236004,4.0043486917335605
1682085657777921609,-7.782301815676408,-24.97761419283354,4.004816761136616
1682085658277703602,-7.728239344430852,-24.936397064767934,4.015231526855888
1682085658779631332,-7.707007514422977,-24.918230428841298,4.01091521944908
1682085659277663886,-7.671690591038303,-24.85600537620985,3.999109696752904
1682085659777719593,-7.638990131969181,-24.799734987004616,3.9985055499872657
1682085660277804380,-7.540423210497207,-24.821442371151534,3.9960086827656336
1682085660777748200,-7.5505075114255344,-24.86981293397694,3.966474346956615
1682085661277670384,-7.544611889127855,-24.85153769546288,3.982593454042781
1682085661778033403,-7.606483425204659,-24.941374071452987,3.9928437217326165
1682085662277775457,-7.626754143312584,-24.983027440160587,3.9982779117165874
1682085662777687472,-7.6566901347866585,-25.073356013941485,3.999800475118182
1682085663279346452,-7.660381869022169,-25.134572775271153,3.9866265624653856
1682085663777756720,-7.656711008245375,-25.225029611920096,3.984730204598953
1682085664278408770,-7.67071329724158,-25.39092405047997,3.9819935553819787
1682085664777764666,-7.691367842179114,-25.46472115742615,3.982644637236601
1682085665277694076,-7.686253396097198,-25.51564387775313,3.9967624170668565
1682085665777890020,-7.765373024936157,-25.538557561144,3.997405110854892
1682085666277901894,-7.800669925152034,-25.56651764007708,3.9959830917073313
1682085666777974617,-7.844425428748663,-25.587205671819504,3.9864522011984818
1682085667277871727,-7.852147608464758,-25.569832904424555,3.9864885091166866
1682085667777682408,-7.854772313061544,-25.565140050857423,3.980733980274933
1682085668277733184,-7.8648650694080775,-25.54183540787009,3.9775586023979423
1682085668777770600,-7.86417174747307,-25.55466950292509,3.9941014707729394
1682085669277910749,-7.891113568276742,-25.54256545617438,3.9916743435905606
1682085669777830128,-7.909743310619774,-25.47846834950481,3.9825571829187134
1682085670278640023,-7.897526225322294,-25.41585856865088,3.9792472219957418
1682085670777930091,-7.896383225862985,-25.421224082560588,3.977520533518022
1682085671277834781,-7.866603497815812,-25.482386344162546,3.9840064707386387
1682085671778181512,-7.844239117228987,-25.499792659862372,3.9825656928789983
1682085672277705546,-7.802594552753517,-25.487727570140635,4.000002201254576
1682085672777797691,-7.764971472672103,-25.45460539745595,4.012929303066843
1682085673278901975,-7.762663585656612,-25.454918809958336,4.008734445070959
1682085673777851878,-7.728860228746456,-25.49382491338761,4.003775964796618
1682085674278198635,-7.71761231270024,-25.47582506979761,4.003020235544516
1682085674777996925,-7.6922743226255745,-25.485996994929735,4.00151419352144
1682085675280113055,-7.727514133755304,-25.41049978236042,3.995309934108155
1682085675778068905,-7.725574469279655,-25.29695625059567,3.9962271858961427
1682085676277918316,-7.7167719648373705,-25.19147258667142,4.0012753138248005
1682085676778180990,-7.686423665673464,-25.08991888229021,4.006710751257395
1682085677278782691,-7.650060436683186,-25.0435277383012,3.994115695315991
1682085677777730339,-7.590459991356033,-25.01143404424013,3.988591472255088
1682085678277925922,-7.555515196303265,-24.980390005620926,3.9842896670074475
1682085678778130641,-7.5173928628233595,-24.931481938777225,3.9997306279493783
1682085679281022099,-7.516244380793864,-24.92195524094817,3.9931023434554973
1682085679778064930,-7.522544283448765,-24.919091270023923,4.001809172677315
1682085680277854710,-7.515279393447215,-24.917712350638134,3.9977057723190232
1682085680777920091,-7.514844245741151,-25.01012739837885,4.002434663370832
1682085681290158221,-7.541926007572291,-25.051840995590922,3.995308165649391
1682085681790219430,-7.563658542123474,-25.135667371256105,4.006061937095662
1682085682278790935,-7.461383272490245,-25.126341317653495,4.007597045921565
1682085682782078321,-7.250147949844618,-25.091431356889625,4.031235983707934
1682085683278637238,-7.208474200514079,-25.108503660641393,4.020881322772924
1682085683778229959,-7.077755177023548,-25.13205287466699,4.012870935108649
1682085684279132420,-6.786914875454075,-25.03285787625293,4.038413177903234
1682085684778459442,-6.620726726015218,-25.03854748695605,4.031003867301987
1682085685277947137,-6.42410502132037,-24.949691398648643,4.020054220341463
1682085685778264653,-6.085109862244613,-24.872669101360696,4.0246872625498575
1682085686277932374,-5.704382953663481,-24.808754078525006,4.039421435203784
1682085686777710446,-5.411557441985284,-24.776809797500203,4.008018175371094
1682085687278334593,-5.087082548461551,-24.72008849049383,4.016380015751044
1682085687777696526,-4.896469970216041,-24.68482031203459,3.980305665683781
1682085688277672763,-4.756942066010484,-24.57585148961183,3.9800097614213774
1682085688777833574,-4.628636371728743,-24.53096608717657,3.9656813764340972
1682085689277764924,-4.41731803978262,-24.423804768530342,3.99471628477973
1682085689777868482,-4.321310103086472,-24.28319078744753,4.002333026979901
1682085690277663286,-4.251759250667927,-24.216080891635347,4.0058716805507695
1682085690777802309,-4.176469482459127,-23.976210572809677,4.003367961246074
1682085691277752282,-4.149298863926541,-23.768806709032052,4.001315111585018
1682085691777817316,-4.114609245225099,-23.614788128644484,4.000987526755993
1682085692278555696,-4.0240078320084525,-23.325346090173436,4.020094247837679
1682085692778567161,-3.9879053973985963,-23.16600571362614,4.0106217044453185
1682085693277734292,-3.9603243750186277,-22.938118050555328,3.9920594069089654
1682085693777948935,-3.8984523927070023,-22.61888034432678,4.005938165798799
1682085694277694254,-3.872402321286886,-22.452572008451646,4.003985219235438
1682085694777800475,-3.833301344110276,-22.305426132242303,3.998586473548696
1682085695279110912,-3.7652361007312574,-22.18981456301647,4.008419636742837
1682085695777719568,-3.7756062290151795,-22.040596559482662,4.008596140270429
1682085696277722740,-3.8382727987856122,-21.83967696263829,3.997201998366555
1682085696779150534,-3.861988632104112,-21.588444568209113,4.022832964560131
1682085697277761516,-4.0552665513260955,-21.490483880316958,4.021607183142375
1682085697779113486,-4.245846275582956,-21.29745356761278,3.9891339537527246
1682085698278122158,-4.398493320609275,-21.148161668711126,3.9989121282194637
1682085698777826514,-4.555707276568825,-21.048258695860426,3.9906964871431656
1682085699277730582,-4.605299432338661,-20.930541579539046,4.001115817344536
1682085699778242704,-4.641028504720534,-20.87574296384443,4.008390778967964
1682085700277674484,-4.678953819109532,-20.85944382186855,4.005372658266496
1682085700777963732,-4.706220459161462,-20.82705436405546,4.004907755970031
1682085701277801543,-4.749093650105702,-20.780544330011445,3.9928367615368727
1682085701778685416,-4.780721517577119,-20.71966041791359,3.9846141792140255
1682085702277964169,-4.805933374462281,-20.62634176927692,3.988713180974345
1682085702779554895,-4.8439179660972815,-20.49850976120594,3.992775275375203
1682085703278064002,-4.799769270641846,-20.44991377553839,3.998232318901774
1682085703780009122,-4.769656703262602,-20.461326687336253,3.991183274095007
1682085704278818600,-4.762110584285514,-20.463999740464228,3.973855664933994
1682085704778069579,-4.7403695671643336,-20.515764065756827,3.9653827388941627
1682085705280092212,-4.75131480788219,-20.566152022782717,3.9692537545350226
1682085705777790710,-4.778979119130804,-20.557754256528344,3.96329314767823
1682085706279066377,-4.761241844694531,-20.572805765097602,3.9906293878349466
1682085706779518309,-4.785420762550908,-20.55433152221358,3.9922831921560364
1682085707278766604,-4.8342801711967445,-20.498197234194574,3.9980036193859103
1682085707778703302,-4.893974482817328,-20.364607270141686,3.9954684700975673
1682085708277726042,-4.87605542627258,-20.260051455778655,4.007495466170021
1682085708778056975,-4.848683075448125,-20.143891533834033,4.009262589588579
1682085709277686322,-4.84132165880426,-20.035714376357696,4.002842068151337
1682085709778691855,-4.8307205117434515,-19.85504967514536,3.9956798894382564
1682085710277746895,-4.850996875044623,-19.690365524451604,4.012053268619443
1682085710778199606,-4.936419925255428,-19.60115593397713,3.9813647589328056
1682085711278768775,-4.925354064938604,-19.513810458508612,3.9876027287876292
1682085711778718763,-4.887496238392074,-19.435054959105912,3.9789814624424342
1682085712277757616,-4.884114299300342,-19.331665977577774,3.976085948552673
1682085712778613673,-4.904609841081391,-19.296179751313705,3.982137234163378
1682085713277724213,-4.966282685831814,-19.32477390750079,3.9726528626488418
1682085713777711987,-4.947352480415027,-19.39700100824379,3.9710188796112504
1682085714279011889,-4.878103372032902,-19.394126291142886,3.9722373738891537
1682085714779202312,-4.856442307144761,-19.443614205623703,3.9807235915100514
1682085715277727020,-5.0926636687926665,-19.41365232778188,3.978923268915472
1682085715779300800,-5.2633871299023935,-19.398095843114582,3.987541388109511
1682085716278611660,-5.369254177524436,-19.420184701295916,4.0062968353949975
1682085716777784047,-5.6303158575422625,-19.430202002547603,4.015341837672501
1682085717277738336,-5.724994371738516,-19.45307032284651,4.024468321028975
1682085717778995278,-5.710474946769818,-19.53483823817074,4.034234610214383
1682085718278917510,-5.850283543690794,-19.550269783071407,4.040241080929478
1682085718777658600,-6.082024386326202,-19.57776064490279,4.0266190200293215
1682085719277947819,-6.281432903489075,-19.607633597274898,4.021438824793617
1682085719779265465,-6.455160334272817,-19.603407683903974,4.018199167567624
1682085720277940642,-6.598575788800749,-19.611231332873146,4.022570839805082
1682085720777682194,-6.608588087744151,-19.661966797418586,4.02609039907722
1682085721278024520,-6.62928852573705,-19.74003590311268,4.0375458748106094
1682085721778914228,-6.651790656456301,-19.757349920438894,4.0408486197856375
1682085722278076601,-6.751241206855851,-19.693582059844594,4.052111542138755
1682085722778126725,-7.041969142654622,-19.61610563196293,4.046640593611402
1682085723277936074,-7.253585662873807,-19.568825972353185,4.043442852125417
1682085723779431719,-7.396472366344362,-19.53689151928039,4.037540633741552
1682085724278102273,-7.527937658513305,-19.4671292850242,4.035305360064024
1682085724778861249,-7.767006711166961,-19.456587747665797,4.024328532117794
1682085725277829107,-8.149284108099975,-19.475511763320746,3.988064676782299
1682085725777740187,-8.466116895294222,-19.442720193613674,3.9811291426823305
1682085726277873968,-8.887484305033311,-19.39361800179882,3.9782299625441313
1682085726781229097,-9.366932211487962,-19.35848372042238,3.9634688765118864
1682085727277771024,-9.920829850630547,-19.31171436459051,3.9595014950359646
1682085727779412637,-10.380913319011423,-19.2583877059532,3.9622760052961317
1682085728277960696,-10.857142987696351,-19.27582591845188,3.970036192786341
1682085728777878523,-11.272988177576606,-19.328573845822145,3.96794975543378
1682085729280820620,-11.649592270326888,-19.378424193244,3.970588340717643
1682085729778064761,-12.038468213223334,-19.371768030685143,3.9735196279900378
1682085730277767498,-12.272887265786865,-19.336180843982312,3.987121730867006
1682085730778219833,-12.435687438356506,-19.32389550714021,3.99329595242885
1682085731279861569,-12.569776491670101,-19.267300724701382,4.0042435762717785
1682085731777681777,-12.662450606552605,-19.24418800146698,4.005375698320274
1682085732280906102,-12.687560979791714,-19.259229107969446,4.001138645707228
1682085732777739049,-12.70556481142912,-19.274026736051614,3.99419334689905
1682085733279581228,-12.726107313577407,-19.284057262066124,3.9869183452036863
1682085733777772081,-12.750648265382493,-19.29655874465259,3.987117158574473
1682085734277856374,-12.7646777291258,-19.292877285781742,3.9790378590444284
1682085734778839219,-12.792549338481736,-19.315364444680412,3.986446596111087
1682085735277684381,-12.775808084720246,-19.305776556000225,3.987974241295988
1682085735778789101,-12.774987109486608,-19.29220644631671,3.9737780010468193
1682085736277680437,-12.78601265510375,-19.262521685619674,3.992700214592801
1682085736781298577,-12.753055021105688,-19.286863761053983,3.9797961355685203
1682085737278849871,-12.758702783504587,-19.287055003576295,3.9910583891191713
1682085737779805632,-12.774243032878399,-19.25092207947997,4.002684359766403
1682085738279980847,-12.800161715821869,-19.298788643995856,4.013297358009294
1682085738778128211,-12.801538991618175,-19.400661108095097,4.016552321350234
1682085739279335231,-12.819958090848672,-19.464943936458944,4.006517478403562
1682085739777766039,-12.622431361921908,-19.644896394837087,4.0127162547750785
1682085740277699956,-12.286354662044731,-19.988626740429762,4.023357557520023
1682085740777809081,-12.045654374477392,-20.28244866779689,4.036786276497789
1682085741278938845,-11.908545140243717,-20.6053414450109,4.034668851499034
1682085741777822064,-11.950115252916886,-20.66705733513133,4.021076614440381
1682085742277720114,-12.157082219858141,-20.558920411659507,4.007640962431402
1682085742777914547,-12.308619026568032,-20.382370057655223,4.001618739228087
1682085743277728319,-12.495165653329627,-20.261032286491293,4.006778777228985
1682085743778939362,-12.74199261064695,-20.038292875649613,3.9932191035106617
1682085744277668122,-12.836726047712817,-19.910122644212766,4.011843464138234
1682085744778069870,-12.877911149984083,-19.83971950077457,4.001579512653483
1682085745277827077,-12.899736225965778,-19.793029332539533,4.01420805067961
1682085745778021622,-12.9253765502594,-19.76643041348379,4.01567837300322
1682085746277693850,-12.940506902786161,-19.69774165555889,4.015597443763901
1682085746777751110,-12.928990088321239,-19.676460776746215,4.016275988573989
1682085747277726703,-12.927937319543808,-19.657061295410195,4.0101290219256285
1682085747778015755,-12.946992555521039,-19.62249345756577,4.002973958418119
1682085748279034957,-12.950152769744587,-19.611960239010806,3.987366286291404
1682085748777713371,-12.936469861367666,-19.59922610725439,3.9896411826464484
1682085749277763098,-12.895616202592555,-19.583405047154415,3.9865318680381514
1682085749777796378,-12.885959632111962,-19.523880275267107,4.001058353242686
1682085750278062963,-12.863806079938268,-19.50380474498527,3.9954933409696105
1682085750777747521,-12.848884743224954,-19.52656724835808,3.9913463139689758
1682085751277891122,-12.818660610310005,-19.525020526230396,3.9839743368735774
1682085751779073356,-12.770694075715165,-19.51130295735819,4.001072213899283
1682085752277815826,-12.775695242885146,-19.510792470391713,3.9921163152088597
1682085752780147326,-12.772809599265079,-19.517219048799106,4.007975196622887
1682085753277660376,-12.751240047319955,-19.54015849564563,4.002441526584082
1682085753777671559,-12.770183534678635,-19.534216857670604,3.9951155376896206
1682085754277804611,-12.939343182779504,-19.338595540933156,4.001409031605899
1682085754777699293,-12.94416495821437,-19.332761525790456,4.005501204366965
1682085755278064462,-13.094684692158893,-19.24516250839274,4.000858572763749
1682085755777812863,-13.218868986343537,-19.121541569090354,3.9852071963887292
1682085756277809223,-13.245589130343358,-19.107224950689467,3.995275885112207
1682085756777861088,-13.285439546538072,-19.06041591952879,3.995466219739895
1682085757278050262,-13.269234527850628,-19.10068772650139,3.994207953195262
1682085757777681179,-13.252379300187517,-19.132514884986126,3.9791719209593412
1682085758277905549,-13.232615305604707,-19.138148670684988,3.989770166384829
1682085758778266466,-13.245623085773024,-19.14314136553383,3.984989263787999
1682085759280023547,-13.243601631009179,-19.13477356720734,3.9954223225324044
1682085759777822275,-13.154945943943058,-19.13162520496129,4.012499700136152
1682085760279142867,-13.1529506185002,-19.132067533445237,4.011953778191719
1682085760777922348,-13.186426000321728,-19.188388922499907,4.001310525777501
1682085761277756231,-13.243317344311597,-19.179424176616653,4.000129239983886
1682085761777776546,-13.268040152663128,-19.247550485045583,4.006401691710065
1682085762277712181,-13.265141359547657,-19.36805883872002,3.9837767951893888
1682085762777833235,-13.264392238971997,-19.499231166921653,3.9767616150867537
1682085763277758760,-13.212744505100517,-19.56419266778114,3.980377110495512
1682085763777730481,-13.084994747625343,-19.593146505080203,4.0122798695562505
1682085764278819577,-13.025451657860556,-19.732694534127184,3.986401257910971
1682085764777739498,-12.95719602037299,-19.778684874303995,3.989285464952607
1682085765277878773,-12.866003586331477,-19.671944134975853,4.005947697046906
1682085765779604074,-12.828193634547448,-19.621749928510134,4.014463584722014
1682085766277889475,-12.819083352911806,-19.52718179278559,4.001284552766407
1682085766779645798,-12.805426485018117,-19.491115062168696,4.006876686172549
1682085767278092155,-12.777355112772648,-19.4796708219062,3.988041634436357
1682085767777691840,-12.76544004220299,-19.45304522491409,4.005418739769848
1682085768277913279,-12.770986694582449,-19.447315242763324,3.999750984507659
1682085768779928289,-12.760051565141419,-19.42645214911734,3.9953809135441434
1682085769277727615,-12.749355358915505,-19.42556357012417,3.9928398449926825
1682085769778351559,-12.773512063668846,-19.422552416447736,4.010394643281802
1682085770278546066,-12.875375403781778,-19.426929999012334,4.019780625254571
1682085770777974907,-13.16846787492282,-19.420875490509108,3.997422839961082
1682085771278709374,-13.428964979626981,-19.37773998874011,4.010905217606303
1682085771778405242,-13.780883252409257,-19.398579909352758,4.009323884865543
1682085772278295785,-14.2360026318132,-19.43248153250226,3.9952985811516055
1682085772777747899,-14.756671369156837,-19.450422502365498,3.9993871038434654
1682085773280154784,-15.184700242498403,-19.44816639521994,4.005221068280342
1682085773778408584,-15.686570631044132,-19.464006381797883,3.9914314780003406
1682085774279784961,-16.214306218573327,-19.503945927135547,3.996000431656862
1682085774777902840,-16.734622151978474,-19.517891763504398,4.008680694429197
1682085775278285866,-17.180384131492744,-19.515744138873394,4.005014116894745
1682085775779471742,-17.615955634658494,-19.517092722202506,4.002729732503454
1682085776277936536,-18.053548081566948,-19.51719507836354,4.004712229883992
1682085776777760704,-18.44108672579366,-19.486334614210918,3.9969555181618177
1682085777279300109,-18.886624855877706,-19.44490668542293,4.024128262232904
1682085777778072157,-19.31223029324346,-19.488857770671515,4.033309213146602
1682085778278256401,-19.836947206631134,-19.513402319676164,4.00663565700416
1682085778778205039,-20.25061135404973,-19.472445776831364,4.001778385633239
1682085779282000840,-20.639718617186023,-19.430040254050937,4.006701789781596
1682085779782513775,-21.091896600780498,-19.422137647423966,4.000918350215245
1682085780278331853,-21.477421921732553,-19.427835555287604,4.0023855311603995
1682085780778165775,-21.911887749233998,-19.43682939097044,4.012643204058663
1682085781278027728,-22.288539320591973,-19.440917410315215,3.99155542847779
1682085781777842235,-22.596443537223983,-19.437684642383427,3.9613969127563884
1682085782277757349,-22.925160930074647,-19.44615318905588,3.9519293926184607
1682085782781711005,-23.17986721701843,-19.422452468403833,3.9564037551984916
1682085783277855209,-23.358909618445157,-19.413362592229063,3.9795792459887473
1682085783777706698,-23.33488698770327,-19.532034833389105,4.014454759477215
1682085784278659434,-23.088758324062592,-19.642973427713695,4.02979816579167
1682085784777799511,-22.654193148778518,-19.739715829872114,4.064597723061592
1682085785277711622,-22.17245750275839,-19.862281815420932,4.073584145812043
1682085785777887059,-21.66129455121624,-19.97134130355485,4.086432854215696
1682085786278788914,-21.189467930246835,-20.06159972007184,4.033300264235056
1682085786778663897,-20.71922393597493,-20.155860411146865,3.997840468434108
1682085787278656062,-20.23884801350139,-20.289798574980757,3.97802110396018
1682085787777739964,-19.69074263927629,-20.45474827979275,3.9864451414619566
1682085788278078763,-19.1742627158388,-20.63757606054514,3.9751080398190477
1682085788778998503,-18.747604995694115,-20.747023573211926,3.969290563794676
1682085789278616324,-18.292373750516827,-20.86332079964138,3.982345944103416
1682085789777757866,-17.801108055273698,-21.05851409500384,3.9824539769928964
1682085790278656107,-17.313983830023005,-21.270091269043327,3.9953499579892346
1682085790777747756,-16.868408703567493,-21.483152794644504,3.979392725138985
1682085791279410953,-16.39238647791259,-21.659623302886168,3.9765642100298555
1682085791777691987,-15.897105695152966,-21.834846565232663,3.982181845628231
1682085792278801342,-15.424879987343553,-22.021566372458228,4.001011111672017
1682085792777994397,-14.98383328064836,-22.190348068687744,3.998520215497743
1682085793277827097,-14.605154026711745,-22.314820548885162,3.990497389578069
1682085793778751675,-14.231898120072474,-22.429972135132026,4.006516595435993
1682085794279321596,-13.96474117231183,-22.376352606071762,4.016481664683339
1682085794777939989,-13.876018879077177,-22.265290813275406,4.007856887791199
1682085795278167176,-13.983485451421272,-22.1744472165595,4.0008145865977225
1682085795777981474,-14.14442877314507,-22.174079380041306,3.9798036100060377
1682085796278925322,-14.143524840055063,-22.362135092025007,3.966745550262161
1682085796778163197,-13.962792819981967,-22.53138927568357,3.9749132597452794
1682085797278183441,-13.691833636881446,-22.68573703399221,4.005614262897086
1682085797780083406,-13.41733457903663,-22.816390182279044,4.0057518743266
1682085798278911948,-13.138351632219338,-22.906014239223218,4.023088729872517
1682085798780185904,-12.972217298978434,-22.883476197178272,4.0266912294421315
1682085799279154452,-12.85414266784843,-22.84618352772458,4.03138098606567
1682085799778095257,-12.771699748376104,-22.773216142652856,4.020923915697074
1682085800278612080,-12.661811950702987,-22.661597077642334,4.031050912573695
1682085800777761420,-12.622098804003388,-22.5978071413745,4.0195876170671765
1682085801277822148,-12.571999349023764,-22.479791025573107,4.011200391090873
1682085801777733040,-12.559947295127744,-22.44871052236656,4.0056423406112245
1682085802277846409,-12.541548274498533,-22.358929538275188,4.003375883046815
1682085802777787887,-12.551548177606508,-22.319663412457206,3.9907911418190194
1682085803278869385,-12.574246720844814,-22.180839784802565,3.9847370068173733
1682085803777801921,-12.57860003193598,-22.087471848307512,3.98791720092326
1682085804277979695,-12.618123764901881,-22.053230417259826,3.97556857287993
1682085804777845363,-12.690672850576513,-21.98939729994389,3.9830504861619827
1682085805277880275,-12.757675903802937,-21.8901825508545,4.007696563544657
1682085805779879031,-12.82771944430044,-21.744038305634668,4.007241764357109
1682085806277672750,-12.910594453703796,-21.653300580922423,4.016575323285545
1682085806779818013,-12.982499314962636,-21.60379011496244,4.023220687738736
1682085807277647715,-13.030708561488474,-21.56691366392117,4.018410975225005
1682085807778713831,-13.138392150071988,-21.478874848280363,4.008070222881711
1682085808277820681,-13.187344417859915,-21.447183756664362,3.999349839293907
1682085808777730192,-13.277111995711778,-21.40695616380707,3.9926684220800746
1682085809277691270,-13.35327499688478,-21.34839132526887,3.98412550784194
1682085809777710253,-13.428284582741865,-21.284137664251276,3.977261318722349
1682085810277776768,-13.551712004002233,-21.238958632233526,3.969686305171347
1682085810779105736,-13.619367872173907,-21.198986710302947,3.9675674351646832
1682085811277856386,-13.70143958713702,-21.18818893659646,3.9786496344035744
1682085811777944109,-13.738945121095966,-21.177413903102902,4.000278040207049
1682085812277973046,-13.851626807213492,-21.112048643712548,3.999072175847088
1682085812779568349,-13.895723836966635,-21.025942587482714,4.006703857436845
1682085813279406632,-14.014459004019969,-21.067860754847718,4.010410227716247
1682085813777704235,-14.149693803862446,-21.09033445298141,3.997437122571782
1682085814277800545,-14.25444835795873,-21.050598446153177,4.0034346025509
1682085814778537010,-14.321826176763485,-21.049970351486955,3.9992081591580515
1682085815277895679,-14.404722899778314,-21.070106891595735,3.997683488677704
1682085815778873506,-14.534265164520916,-21.105328027554343,4.0128654525225675
1682085816277774290,-14.633791446682967,-21.154345779224812,4.02999250634214
1682085816778068008,-14.749579213755332,-21.215380764195203,4.01367334754733
1682085817280303307,-14.827589696291266,-21.2898543157633,4.003158812767462
1682085817777909757,-14.92681009066669,-21.346902411021233,3.993359028993286
1682085818278005112,-15.008660878701669,-21.341581939254738,4.009521584233394
1682085818777699380,-15.161372310018788,-21.40307581897058,3.999176626742347
1682085819278042697,-15.262327181990193,-21.464291986091823,3.998997342174808
1682085819780318733,-15.365081690607592,-21.47350015393566,4.017047963910704
1682085820278035313,-15.474022894287495,-21.49719035532616,4.008779656544031
1682085820777841154,-15.529861470088585,-21.53081136996959,4.005505826129276
1682085821280328519,-15.652923303260883,-21.67946266612404,3.984382139200146
1682085821777718967,-15.672279203359164,-21.79410195602337,3.992738946314069
1682085822278753400,-15.744319551064835,-21.859462643153936,3.995586750427889
1682085822777787372,-15.816730260841668,-21.91407124066226,3.971730850811338
1682085823277729970,-15.879500769247262,-22.01436141166996,3.9770028050014345
1682085823778013982,-15.974175007664641,-22.15931824099279,3.962486394620581
1682085824278089794,-16.055764695082186,-22.240575685850484,3.9697440611716885
1682085824777690584,-16.104355101452544,-22.312357459152025,3.9665877951178867
1682085825277803008,-16.095114833276188,-22.37768823707594,3.9973262535660137
1682085825779563836,-16.13134418938552,-22.499896667239526,3.9892315280218593
1682085826277724719,-16.172800833113065,-22.570468565457016,3.9806994487378358
1682085826778033280,-16.21889223864626,-22.64453748190174,3.9904989861414064
1682085827278020976,-16.31557294672269,-22.730851697258213,4.004958394462056
1682085827777816820,-16.600893626287853,-22.742949284113546,3.984289219929813
1682085828277864309,-16.78764846841945,-22.768096811428627,3.9818451641375856
1682085828778348367,-16.935179533733745,-22.91590208256429,3.9849139805676947
1682085829279089217,-17.26498669251571,-22.999003076030274,3.996090088324241
1682085829777970585,-17.588980794235717,-23.074441504956944,3.9899143379587523
1682085830279817909,-17.754520609142645,-23.164392401506724,3.993176009519837
1682085830778012526,-17.93965750390899,-23.238743769273388,4.00763301164853
1682085831278076437,-18.067852041963064,-23.307614188977112,4.018352898131449
1682085831777818005,-18.356450797079585,-23.388235939356246,4.017951800899655
1682085832277816877,-18.6157155939791,-23.42284117487334,3.999644347768442
1682085832778838271,-18.77339849582549,-23.528109090786486,4.011009581236019
1682085833277784961,-19.091409721424096,-23.638054990539974,4.014319313191755
1682085833778113079,-19.44770184070871,-23.64537804850442,3.9869288758026595
1682085834277717556,-19.597910202966084,-23.6920483297823,4.008460851101312
1682085834777770399,-19.714359590138088,-23.734911845240493,4.023597041814576
1682085835278918669,-19.81167684953075,-23.757420981471093,4.009161222694344
1682085835778615514,-19.80514039352119,-23.767273782943526,4.0191711030333055
1682085836277791605,-19.748807007922167,-23.793410909643185,4.018855776425878
1682085836777779680,-19.675173962509703,-23.821015100803933,4.006449452598475
1682085837277723201,-19.59478589378013,-23.865958676864977,4.0143133483370805
1682085837777992949,-19.540967143727826,-23.915706309448105,4.013977156005855
1682085838277739283,-19.495379266032764,-23.962339479202928,4.014963457105658
1682085838778806436,-19.411398059856364,-23.96600980515299,4.011396345162786
1682085839278613416,-19.330397390335538,-23.993043094482125,4.005239527874959
1682085839777704700,-19.225437177790766,-24.056314963972994,4.0023463030409046
1682085840277857645,-19.164603978939606,-24.0761013939803,3.9997116326651123
1682085840778718335,-19.05185956644938,-24.07860649004592,4.009617902459944
1682085841277799058,-18.992176642327095,-24.04950340447561,4.018073670959624
1682085841778934872,-18.91583957693578,-24.074053413392225,3.9967432749872107
1682085842277735675,-18.77811328994471,-24.10933603497624,4.004401864312267
1682085842779918046,-18.698292392261536,-24.148232378758298,4.000878843035065
1682085843277761188,-18.606594383976006,-24.15165431829337,4.0004974037959835
1682085843778304390,-18.492996099059297,-24.14257303954638,3.9980921814080226
1682085844279218244,-18.36523437751291,-24.118978581849397,4.003244982054538
1682085844777990612,-18.31743028294577,-24.1045035714829,3.9916183909338856
1682085845278176307,-18.189598993446726,-24.09559889398554,3.9978809617986237
1682085845777726408,-18.1137797859705,-24.080787833342704,3.9994594533161787
1682085846278155163,-17.992104081719194,-24.09359041961298,3.9919080706068337
1682085846778483619,-17.914404306995408,-24.08475766157666,3.992270049356939
1682085847279459022,-17.824448650622525,-24.09519875688209,3.98665802364308
1682085847777685441,-17.724754500356255,-24.12411576459112,3.9819646217447535
1682085848277836332,-17.670060241698486,-24.113392507487582,3.9903237547209236
1682085848777885916,-17.57024877405119,-24.09372558811218,3.9819013210099934
1682085849277694945,-17.515585769696656,-24.028057302458883,3.97014748052198
1682085849777702854,-17.40625594335827,-23.920752716308865,3.9820940985198834
1682085850277692190,-17.3396653101209,-23.893122561677945,3.9876172056053925
1682085850777895153,-17.214431892112415,-23.864192485774325,3.996983031543973
1682085851277701995,-17.12594244705824,-23.83487869830784,4.004347694047555
1682085851779056441,-17.040722571451838,-23.804749455212043,4.002350505401532
1682085852278683642,-16.967706382850068,-23.76985882488841,4.009736927878683
1682085852777720901,-16.86968930245691,-23.730093180378677,4.005203368196915
1682085853278844518,-16.74464030781544,-23.66059709107167,4.016224415690743
1682085853777829158,-16.678060683104015,-23.583699787225182,4.005766411951924
1682085854277872994,-16.601575349512135,-23.53935374311524,4.012274258966377
1682085854781621646,-16.56578204800745,-23.489038893825313,3.993534426888404
1682085855277867306,-16.48546552021762,-23.409026871491044,4.002726408969308
1682085855777813516,-16.431808484453853,-23.343234719262565,4.012699432058798
1682085856277719434,-16.404995698515222,-23.288173940436852,4.016342864778889
1682085856778469222,-16.364733675078913,-23.258931138824803,4.015651837192399
1682085857277691578,-16.323205277157534,-23.20580705397913,4.019164586625477
1682085857777782778,-16.329682239687127,-23.17247860613923,4.025272010985114
1682085858277655680,-16.348748226426856,-23.141141377594163,4.016607549677904
1682085858777807261,-16.334097196624498,-23.104796864035148,4.0079858155118275
1682085859278370261,-16.31292350034036,-23.008753865864975,3.997582928996223
1682085859777682951,-16.283801870303407,-22.97612194447497,3.983947667326623
1682085860277802671,-16.24346289462932,-23.03230111444115,3.9810996213408054
1682085860778736441,-16.208922789558525,-23.020089993398962,3.9883088047025916
1682085861277773954,-16.262180791731584,-22.90612898822291,3.998157020601964
1682085861777914704,-16.293547980219227,-22.783636804094233,3.996067914671315
1682085862277749274,-16.31543636812269,-22.63982142991974,4.000573742894674
1682085862777905424,-16.339201488044612,-22.526036909043324,3.9983934010050213
1682085863277870365,-16.399994655383203,-22.46240759799554,4.001125350346758
1682085863778808556,-16.480436960422022,-22.40145680934952,3.9991772263835865
1682085864278809850,-16.503385219979833,-22.356777673053582,4.004075713888867
1682085864778581920,-16.537815094099578,-22.350682813874215,4.010647610510196
1682085865277783527,-16.741800840039563,-22.359872867718646,3.996081774871062
1682085865779373415,-17.092825538530985,-22.304247911854635,3.9901608823023724
1682085866279405845,-17.516462480088947,-22.287403303730812,3.9832594393211775
1682085866777933325,-18.015182003706343,-22.347500262528335,3.9772390181975026
1682085867277672384,-18.540067446003075,-22.39174714651089,3.9929803584786137
1682085867780521967,-19.026434096730696,-22.370306592057467,3.988301228844802
1682085868279377476,-19.517995742763606,-22.309017361303844,3.9927176131826183
1682085868779449063,-20.04043971392384,-22.315880688782993,3.9909145123604115
1682085869277760887,-20.556638529118555,-22.36023073837275,3.9882504974187842
1682085869777686623,-21.0941899257254,-22.34024769926134,4.014579904400782
1682085870278166775,-21.618604646858536,-22.30427591841662,4.0189560374045845
1682085870779372152,-22.125815697088974,-22.312672856148673,4.010790732007861
1682085871279907160,-22.63220113731916,-22.317550120620535,4.014701775129432
1682085871777856654,-23.099224860750855,-22.319144973749257,4.014741296255281
1682085872280092911,-23.367909878671238,-22.41303769638503,3.978058381162746
1682085872779809225,-23.42880712839845,-22.4871907382599,3.978239059468958
1682085873277839081,-23.278812897125192,-22.5959386999499,3.987790525659553
1682085873777937170,-22.873090700290977,-22.69464801307258,4.0320804064919225
1682085874279421170,-22.392828409710415,-22.786427289230605,4.028956998875639
1682085874778963534,-21.86527490679785,-22.844691082244523,4.009475426849846
1682085875277737924,-21.337427136589323,-22.83271887930735,4.020813486344796
1682085875779712389,-20.893125772962833,-22.851021791630362,4.017112297615005
1682085876279016488,-20.5305920296347,-22.909703058249864,3.9939269739786356
1682085876782661654,-20.106705442655578,-23.003079191536717,3.9643605710368433
1682085877277764162,-19.572410525807435,-23.101520942070845,3.9801122323729423
1682085877779046635,-19.21222034515887,-23.180960183735003,3.985727680917301
1682085878277715171,-18.79258932546742,-23.227756439740514,3.973390977601761
1682085878777881663,-18.340077941610456,-23.292462543301003,4.001665599728879
1682085879280837417,-17.900922934817,-23.369476136536136,3.9966267500833976
1682085879777693919,-17.51603942571435,-23.434518167672834,3.990703903774579
1682085880277779466,-17.069356588929928,-23.47400436775497,4.002994031874751
1682085880777776557,-16.700243737484005,-23.479873045690162,4.009257916456527
1682085881277798412,-16.43126064062749,-23.500269959801834,4.010271426702527
1682085881777824529,-16.121163844333,-23.5536261009987,3.998024490124214
1682085882277791364,-15.903421326756158,-23.557970307829677,4.014266222345079
1682085882778770143,-15.807877876522593,-23.51219600719901,4.00262979247007
1682085883279423888,-15.699018945279684,-23.507034243843112,4.002883851067921
1682085883777660751,-15.627589818764601,-23.53911288993982,3.9952000611272482
1682085884277719309,-15.55722064236995,-23.541756002473274,3.99951579642795
1682085884777947873,-15.500145646709916,-23.505193665302354,3.9946578132289994
1682085885277762818,-15.437973837710858,-23.44472108075657,4.005340636398057
1682085885778882070,-15.4036541034362,-23.406248496757822,4.0143818148012596
1682085886277740397,-15.328674585390749,-23.326580323702323,4.019201100324732
1682085886777870501,-15.312269140898424,-23.294847075149864,4.014326437300904
1682085887277787409,-15.2364006580187,-23.225634890869774,4.019337173452513
1682085887779573780,-15.166259108744097,-23.18034455769202,4.008925272076834
1682085888278981867,-15.054811549665189,-23.12409343923343,4.031248140602053
1682085888778051074,-15.000031159671481,-23.108739637281495,4.012379454739871
1682085889277900476,-14.940419876658874,-23.107909471995896,4.009189390959915
1682085889777654747,-14.88531312493103,-23.061978154131673,3.98744194869223
1682085890279315063,-14.79809266592266,-23.00978421154496,3.986508332379334
1682085890777788531,-14.78463202490079,-23.018045144019364,3.990612053554676
1682085891277821452,-14.765237986907005,-23.02221600541531,3.9810614604644026
1682085891777802492,-14.715471973304362,-22.9785873254387,3.9907614671554024
1682085892278283645,-14.634513175343093,-22.978558286808205,3.9880958490089906
1682085892778239599,-14.542256886926081,-22.978494369440156,3.968559805162153
1682085893278015710,-14.440478025162669,-22.97402536831237,3.9764670044324433
1682085893777854337,-14.359573435168231,-22.96177788433927,3.987519885765867
1682085894277790404,-14.299681663153072,-22.928072454881242,4.007247873193556
1682085894777815008,-14.283656694334942,-22.926786995211526,4.0204700722036915
1682085895279374082,-14.283469028678413,-22.951414211192507,4.037013927144104
1682085895780346992,-14.322321917479847,-22.972678893213477,4.042031611393446
1682085896277873308,-14.396729700735296,-22.978762217804082,4.023457331197066
1682085896778438824,-14.440306416697808,-22.97213329579657,3.9039321122302777
1682085897277892484,-14.464025229100223,-22.946519139067476,3.667740024518059
1682085897780311502,-14.470556706335623,-22.900708315595033,3.3824152713197546
1682085898277722703,-14.508271594303704,-22.869116203671286,3.0625637420491882
1682085898778274122,-14.582526928351626,-22.851284737188358,2.717091630665115
1682085899277705818,-14.61235689778883,-22.87453066924746,2.3658284444013256
1682085899777836066,-14.621935840169119,-22.915700198228546,2.0115292254936015
1682085900277861818,-14.62248092958544,-22.927120820400084,1.6865207822816863
1682085900777945848,-14.626478740859325,-22.94973579477159,1.323091859113873
1682085901278789528,-14.650111725232264,-22.990201330255776,0.9874876641710478
1682085901779152682,-14.706521640900684,-23.020204312872917,0.6835609175252046
1682085902277829674,-14.727878808252381,-23.040484236516438,0.33012704459121334
1682085902778703647,-14.747600007538253,-23.018817236563425,0.1796131213064972
1682085903277823694,-14.739624720063764,-23.047971187278925,0.14478360287247763
1682085903777786283,-14.729205006203854,-23.0641109512946,0.13847379204642632
1682085904277742100,-14.725637322800045,-23.046614494536886,0.13460226484676144
1682085904777756838,-14.725678316895097,-23.01355333130776,0.13542158848334787
1682085905277907388,-14.727501590790919,-22.97269072516819,0.13216141244091065
1682085905777774363,-14.734675238386552,-22.935492006112778,0.1423305852503671
1682085906277745610,-14.739416359165142,-22.901786525485203,0.14293839797016755
1682085906777738783,-14.737113429750018,-22.860928683740603,0.13970327344908776
1682085907277687366,-14.738719923457664,-22.813178112372125,0.13607964190173194
1682085907778952503,-14.743161830695081,-22.783512988090862,0.1293828205764822
1682085908277888344,-14.759224969778273,-22.767978198835443,0.13319863075251698
1682085908777970643,-14.779148398651632,-22.759451732714076,0.1312361785750215
1682085909277855922,-14.79234649535284,-22.753233462420923,0.13650854215802827
1682085909779132179,-14.80949973106485,-22.743779935962838,0.14032333542667888
1682085910277795555,-14.835667955035339,-22.742048033675555,0.13880376429490693
1682085910779638808,-14.852047866041028,-22.745537504128507,0.13989753084654716
1682085911278096574,-14.866642002790984,-22.750647764309253,0.14191117974995288
1682085911777737416,-14.88747963872848,-22.764907197339507,0.14177231143419472
1682085912277747266,-14.89906941290716,-22.77365225501061,0.14010978542157804
1682085912777690658,-14.909579458082613,-22.79056491833196,0.13542326281743863
1682085913277762220,-14.923722485308618,-22.80684904572584,0.13347818861192942
1682085913777631569,-14.937630311115358,-22.822484198313916,0.14592501987609374
1682085914277802893,-14.94771737440581,-22.83671205326625,0.13620696500301724
1682085914777774176,-14.966443382461382,-22.865255996143485,0.13318357362572314
1682085915277679623,-14.975740043552047,-22.890482470939844,0.1340375586774382
1682085915777640783,-14.979642546358937,-22.903083607263515,0.1328659841374707
1682085916277698573,-14.979963416650701,-22.90465229914142,0.13583526524671213
1682085916777907601,-14.980359168807844,-22.904847703902632,0.13868706558807564
1682085917277650838,-14.983913233392729,-22.90259326470037,0.13842845936663428
1682085917777647976,-14.986107057180988,-22.91873416841075,0.14108405434803156
1682085918277896676,-14.985881714631763,-22.935559427784423,0.13805800542242358
1682085918777956320,-14.993001865579988,-22.94424576350913,0.13656765705762644
1682085919277738789,-14.999004113344718,-22.956891403978403,0.13214433619573968
1682085919777724659,-15.012606050091936,-22.969152406409002,0.13901677035853274
1682085920278179877,-15.019499464581674,-22.985805516956965,0.14978558387119567
1682085920779011520,-15.024410124797564,-23.011516606878605,0.14210008987657938
1682085921277968460,-15.022206180800595,-23.02646405562741,0.13348256735090006
1682085921777740789,-15.032042557973146,-23.04370234529379,0.13152518723536533
1682085922277924826,-15.032916335323414,-23.04848160189,0.1296336324972308
1682085922777870479,-15.027013720862447,-23.056794456413122,0.1271678173607173
1682085923277652020,-15.027658372911318,-23.06767186244238,0.13877319728195456
1682085923779079280,-15.022097485366979,-23.06820183013192,0.13722314342254432
1682085924279075212,-15.018138135884858,-23.070238396363404,0.1334663784724077
1682085924777971178,-15.018708382984293,-23.058429964772106,0.1469099013304571
1682085925277833333,-15.010906310441282,-23.059683840465468,0.1504515339399949
1682085925777889736,-15.01336609490784,-23.056305034978983,0.15026410154135358
1682085926277706731,-15.009742968976111,-23.04648262591122,0.1570967283163761
1682085926778687832,-15.008222545782106,-23.04471739158125,0.16279706619334983
1682085927277700407,-15.000915716579977,-23.036353430940384,0.16141334757072762
1682085927777791630,-14.990139569601375,-23.04567628713379,0.16347908170395087
1682085928277725735,-14.983306905068822,-23.056925686425444,0.16055941896470835
1682085928777689315,-14.981066295030514,-23.073509231906353,0.159888382869524
1682085929277671856,-14.96832942108684,-23.080525069795474,0.1591058324560967
1682085929777722292,-14.955625712852747,-23.069008254785466,0.16330864364579864
1682085930277765570,-14.947332132326164,-23.04469680912153,0.16357586331816543
1682085930777667693,-14.948208817299799,-23.033855125804685,0.15779076626111102
1682085931277659465,-14.958031194671594,-23.022788861763317,0.16395059893777858
1682085931777801062,-14.966703458308658,-23.00754624816586,0.15176171607974984
1682085932277787687,-14.969999709914397,-22.991576253062796,0.14147118501704697
1682085932777593254,-14.974922133060577,-22.984111534484235,0.14918004299298507
1682085933277916851,-14.970290059573786,-22.99538762796759,0.14306544804043148
1682085933777793829,-14.966434406087126,-23.015141709135783,0.14412759348034604
1682085934277705666,-14.962084939040086,-23.029993718710713,0.1494521232725512
1682085934777630260,-14.958128794491417,-23.018772249395923,0.14673364067344416
1682085935277731611,-14.959748412421542,-23.01215239201245,0.1517642662209423
1682085935777660644,-14.952688619791756,-23.019959375762184,0.1541940275785569
1682085936277714131,-14.952046758637442,-23.025093819882574,0.15905402521160764
1682085936777759152,-14.948250289513737,-23.019717008957784,0.15280424064578524
1682085937277604130,-14.935539501913917,-23.014638765337903,0.1543100397141248
1682085937777790266,-14.937857061583177,-22.999622799334503,0.14993266372615027
1682085938277761553,-14.944449301252925,-22.99862062341471,0.14577798323660437
1682085938777784070,-14.952998324630656,-23.006097642087163,0.1477883942460809
1682085939278646509,-14.978957339470941,-23.010493553671623,0.15782587318601268
1682085939777737670,-15.021294923213267,-23.02726407639109,0.16122995544840474
1682085940277738299,-15.056532330681348,-23.053561590269027,0.16145593639595762
1682085940777673550,-15.087932416584707,-23.08071316949197,0.16311389975810897
1682085941277656706,-15.115686755961777,-23.11039545655615,0.15522592637246047
1682085941777848395,-15.12812856308369,-23.127837853959104,0.15903171805436978
1682085942277898906,-15.129103844498239,-23.143201406468133,0.1606311207711728
1682085942777624890,-15.13235683326146,-23.150595179320963,0.14964835253611145
1682085943277736917,-15.131346528833417,-23.148796507315897,0.14584224195400763
